,Centre_of_Interval,Mean_Correlation
0,1992-01-13,0.11584862290253742
1,1992-01-20,0.16145639019408187
2,1992-01-27,0.06570434781875599
3,1992-02-03,0.05113247191478002
4,1992-02-10,0.1080634984228576
5,1992-02-18,0.2028251128043802
6,1992-02-25,0.12963942303648335
7,1992-03-03,0.08082693356274168
8,1992-03-10,0.10104876849298304
9,1992-03-17,0.04899117769815504
10,1992-03-24,0.022605709033731748
11,1992-03-31,0.11320888627354114
12,1992-04-07,0.36494280538417484
13,1992-04-14,0.08798469148056685
14,1992-04-22,0.0726126835900418
15,1992-04-29,0.11390469712250981
16,1992-05-06,0.07005640732019665
17,1992-05-13,0.1532049161198626
18,1992-05-20,0.07585674946364125
19,1992-05-28,0.11698426128217725
20,1992-06-04,0.018912169394386138
21,1992-06-11,0.13223274756177394
22,1992-06-18,0.1793949210587845
23,1992-06-25,0.13791629109449968
24,1992-07-02,0.160705884167949
25,1992-07-10,0.05869720164665156
26,1992-07-17,0.056846340576784914
27,1992-07-24,0.15141672979773965
28,1992-07-31,0.09455396547854006
29,1992-08-07,0.012350094409082154
30,1992-08-14,0.02771670189798354
31,1992-08-21,0.11580384609313044
32,1992-08-28,0.032268460953446314
33,1992-09-04,0.08923146498603099
34,1992-09-14,0.28680579324504235
35,1992-09-21,0.12173097016336387
36,1992-09-28,0.14025666562143363
37,1992-10-05,0.1234678410860313
38,1992-10-12,0.20826453178620308
39,1992-10-19,0.042706640673012754
40,1992-10-26,0.05110313210937085
41,1992-11-02,0.12622615086448602
42,1992-11-09,0.03629592722281122
43,1992-11-16,0.1006029989175875
44,1992-11-23,0.07012991811588609
45,1992-12-01,0.04494159120996716
46,1992-12-08,0.09470698209509174
47,1992-12-15,0.10807906196243551
48,1992-12-22,0.06350869129813622
49,1992-12-30,0.026237617189424845
50,1993-01-07,0.096915948541011
51,1993-01-14,0.047575776693120644
52,1993-01-21,0.056693045823554486
53,1993-01-28,0.09487803746830112
54,1993-02-04,0.13221184062622443
55,1993-02-11,0.29461401222521016
56,1993-02-19,0.03715512618705712
57,1993-02-26,0.1100044979607044
58,1993-03-05,0.15412704072643632
59,1993-03-12,0.08882708734481565
60,1993-03-19,0.14439290573618763
61,1993-03-26,0.05361654040719237
62,1993-04-02,0.1812447353954274
63,1993-04-12,0.08677952678637121
64,1993-04-19,0.011712924199081898
65,1993-04-26,0.11775739425491563
66,1993-05-03,0.026234834859068027
67,1993-05-10,0.02659017502978491
68,1993-05-17,0.245929609462356
69,1993-05-24,0.12684479240818966
70,1993-06-01,0.08821280979819164
71,1993-06-08,0.061865428094187325
72,1993-06-15,0.016687994541614307
73,1993-06-22,0.10267181175798065
74,1993-06-29,0.08218103567895577
75,1993-07-07,0.15106378367677875
76,1993-07-14,0.05117012893042483
77,1993-07-21,0.06101798791268569
78,1993-07-28,0.06788619417553236
79,1993-08-04,0.016134868049746922
80,1993-08-11,0.055411234780836684
81,1993-08-18,0.029365155345014538
82,1993-08-25,0.08489395393152636
83,1993-09-01,0.05313285520106156
84,1993-09-09,0.19304827296158836
85,1993-09-16,0.055415012001308515
86,1993-09-23,0.14399481040065729
87,1993-09-30,0.01689176666670852
88,1993-10-07,0.016981129075292617
89,1993-10-14,0.039998616665060285
90,1993-10-21,0.027270673038080163
91,1993-10-28,0.03391948001769385
92,1993-11-04,0.19761520949028125
93,1993-11-11,0.06070017442461664
94,1993-11-18,0.09066015624718948
95,1993-11-26,0.050086899673067176
96,1993-12-03,0.01018198352088167
97,1993-12-10,0.021931058456296428
98,1993-12-17,0.0952225830553035
99,1993-12-27,0.012103961132907303
100,1994-01-03,0.039701791172196535
101,1994-01-10,0.0888679251924276
102,1994-01-17,0.03373573386271019
103,1994-01-24,0.056480825330336576
104,1994-01-31,0.05410078140025376
105,1994-02-07,0.30062551926400716
106,1994-02-14,0.05975061028520555
107,1994-02-22,0.20173110489249377
108,1994-03-01,0.0426100571128692
109,1994-03-08,0.0919817996205955
110,1994-03-15,0.020246695019025072
111,1994-03-22,0.12378103911842596
112,1994-03-29,0.13748991413431394
113,1994-04-06,0.4196995183972071
114,1994-04-13,0.07297556082460487
115,1994-04-20,0.15913002516670463
116,1994-04-28,0.13748805571830874
117,1994-05-05,0.14669697456875253
118,1994-05-12,0.1032826185670578
119,1994-05-19,0.1566438507485925
120,1994-05-26,0.019693053802524948
121,1994-06-03,0.030100675123891914
122,1994-06-10,0.06520916930336501
123,1994-06-17,0.10352615965056788
124,1994-06-24,0.24823781842464204
125,1994-07-01,0.08515311336845911
126,1994-07-11,0.038373060935630136
127,1994-07-18,0.15788260905574894
128,1994-07-25,0.01701698099386756
129,1994-08-01,0.10416401821777335
130,1994-08-08,0.07476995008665048
131,1994-08-15,0.10259005499651964
132,1994-08-22,0.1039310350832953
133,1994-08-29,0.12049537422563589
134,1994-09-06,0.10118921903222014
135,1994-09-13,0.24755186969469292
136,1994-09-20,0.13286015607119261
137,1994-09-27,0.07321139295800079
138,1994-10-04,0.20912791621435592
139,1994-10-11,0.12039059448401522
140,1994-10-18,0.07382811847146223
141,1994-10-25,0.11882136890651547
142,1994-11-01,0.2674291839053131
143,1994-11-08,0.10880415711159266
144,1994-11-15,0.14541723855754976
145,1994-11-22,0.23289781261337555
146,1994-11-30,0.1447700421093984
147,1994-12-07,0.1461571436291008
148,1994-12-14,0.05457894176415741
149,1994-12-21,0.01832050699412295
150,1994-12-29,0.06831730107282509
151,1995-01-06,0.015320280440278734
152,1995-01-13,0.054840842827161285
153,1995-01-20,0.03638879956298769
154,1995-01-27,0.04980394736666856
155,1995-02-03,0.12275116289111168
156,1995-02-10,0.013653581388515924
157,1995-02-17,0.087730585793321
158,1995-02-27,0.188462359782899
159,1995-03-06,0.09814227974779265
160,1995-03-13,0.13194541227888437
161,1995-03-20,0.05226350223896776
162,1995-03-27,0.07592986686810088
163,1995-04-03,0.03536023111637876
164,1995-04-10,0.021412108726241698
165,1995-04-18,0.06143125706308534
166,1995-04-25,0.06082043254354529
167,1995-05-02,0.06713266286081239
168,1995-05-09,0.029210034602473702
169,1995-05-16,0.2350076103955987
170,1995-05-23,0.06853777090927295
171,1995-05-31,0.20081352688689894
172,1995-06-07,0.1569298610428219
173,1995-06-14,0.06430813210722651
174,1995-06-21,0.15626363731880483
175,1995-06-28,0.10733753040938473
176,1995-07-06,0.08406079841892704
177,1995-07-13,0.06286128578709874
178,1995-07-20,0.21892344422534965
179,1995-07-27,0.09923271503482521
180,1995-08-03,0.030612893529625432
181,1995-08-10,0.08942742518298288
182,1995-08-17,0.01975246943404009
183,1995-08-24,0.047843532833535755
184,1995-08-31,0.06639009934047226
185,1995-09-08,0.02029103762368158
186,1995-09-15,0.04739663643385798
187,1995-09-22,0.03653734391802814
188,1995-09-29,0.1077099990979777
189,1995-10-06,0.06450904423350422
190,1995-10-13,0.03272127466240493
191,1995-10-20,0.03179496839959985
192,1995-10-27,0.1478783192039677
193,1995-11-03,0.08520672874077571
194,1995-11-10,0.06151620468059901
195,1995-11-17,0.07112421846299989
196,1995-11-27,0.01495584500427316
197,1995-12-04,0.0486245442282759
198,1995-12-11,0.07271436029285228
199,1995-12-18,0.1640399522514401
200,1995-12-26,0.023511360623705093
201,1996-01-03,0.09341266643922287
202,1996-01-10,0.22109745338004763
203,1996-01-17,0.0362194150585379
204,1996-01-24,0.0916166834207352
205,1996-01-31,0.08637037342628957
206,1996-02-07,0.030470385980246727
207,1996-02-14,0.0817842446503259
208,1996-02-22,0.3412237615868946
209,1996-02-29,0.17956116314127493
210,1996-03-07,0.4218194592815016
211,1996-03-14,0.1802188337117445
212,1996-03-21,0.030796631718114083
213,1996-03-28,0.085867246239259
214,1996-04-04,0.24447735251436728
215,1996-04-12,0.19213248792433663
216,1996-04-19,0.0538284979084347
217,1996-04-26,0.014448735472455232
218,1996-05-03,0.1605229261901329
219,1996-05-10,0.055879359684098066
220,1996-05-17,0.036310946988865236
221,1996-05-24,0.15809066035547517
222,1996-06-03,0.16154229460233474
223,1996-06-10,0.03463424825945091
224,1996-06-17,0.012616285683451437
225,1996-06-24,0.09193782556085273
226,1996-07-01,0.0935182669239558
227,1996-07-09,0.29127148311717116
228,1996-07-16,0.3511424824789817
229,1996-07-23,0.1397086977309694
230,1996-07-30,0.20369597324258173
231,1996-08-06,0.1966276896803269
232,1996-08-13,0.12084184320930168
233,1996-08-20,0.04355466803118481
234,1996-08-27,0.16634911159163224
235,1996-09-04,0.22837426465095326
236,1996-09-11,0.09858390247926593
237,1996-09-18,0.0816267814287795
238,1996-09-25,0.010689859803633675
239,1996-10-02,0.09299158807245203
240,1996-10-09,0.14586412521669193
241,1996-10-16,0.037180754847394505
242,1996-10-23,0.017889996614460463
243,1996-10-30,0.0788607861087279
244,1996-11-06,0.07925267765363612
245,1996-11-13,0.014953350053040933
246,1996-11-20,0.02847264194930413
247,1996-11-27,0.09545153331130778
248,1996-12-05,0.22974592665026536
249,1996-12-12,0.08258182153099133
250,1996-12-19,0.12222534947657034
251,1996-12-27,0.16885834336062946
252,1997-01-06,0.24511431268293743
253,1997-01-13,0.11593040004452974
254,1997-01-20,0.017170555809044453
255,1997-01-27,0.105293743421189
256,1997-02-03,0.18537822195313602
257,1997-02-10,0.10062362233062629
258,1997-02-18,0.17643987141913256
259,1997-02-25,0.17705778532948438
260,1997-03-04,0.09445934070868713
261,1997-03-11,0.23537481341930785
262,1997-03-18,0.11088220292872508
263,1997-03-25,0.2845034510606308
264,1997-04-02,0.21954030659467771
265,1997-04-09,0.35835255062336957
266,1997-04-16,0.07829825754146631
267,1997-04-23,0.2053611665036291
268,1997-04-30,0.26297112223956254
269,1997-05-07,0.2977915260959703
270,1997-05-14,0.19808486002646786
271,1997-05-21,0.11458300784799406
272,1997-05-29,0.040369721799089694
273,1997-06-05,0.1529574542075319
274,1997-06-12,0.1267495250829441
275,1997-06-19,0.24636936916575294
276,1997-06-26,0.19173686607410348
277,1997-07-03,0.1254783166004643
278,1997-07-11,0.15248585891975824
279,1997-07-18,0.32348351625422295
280,1997-07-25,0.01315981144688486
281,1997-08-01,0.12243442611156354
282,1997-08-08,0.2979140459344382
283,1997-08-15,0.3139630206742395
284,1997-08-22,0.21871872997420444
285,1997-08-29,0.3520432260018579
286,1997-09-08,0.1635831388074795
287,1997-09-15,0.3574938998774173
288,1997-09-22,0.09394461615939628
289,1997-09-29,0.12622851013403327
290,1997-10-06,0.17595190028197538
291,1997-10-13,0.02175666779522231
292,1997-10-20,0.3524493315930691
293,1997-10-27,0.6650620514896417
294,1997-11-03,0.3704120070299759
295,1997-11-10,0.19418833360123988
296,1997-11-17,0.28436299095188755
297,1997-11-24,0.3219495687004736
298,1997-12-02,0.1589314355520362
299,1997-12-09,0.22106264129715747
300,1997-12-16,0.13388923800775387
301,1997-12-23,0.1390281014772323
302,1997-12-31,0.21136986635431504
303,1998-01-08,0.3286799520713804
304,1998-01-15,0.18403732390980954
305,1998-01-23,0.11924696688505429
306,1998-01-30,0.21378397437960064
307,1998-02-06,0.0870752898190884
308,1998-02-13,0.07142977618920353
309,1998-02-23,0.22887340857490057
310,1998-03-02,0.07028408280993982
311,1998-03-09,0.29934820176206467
312,1998-03-16,0.0453833100355831
313,1998-03-23,0.03969710048471009
314,1998-03-30,0.14601446074889718
315,1998-04-06,0.18587878151045442
316,1998-04-14,0.1816235791712627
317,1998-04-21,0.1818390017561966
318,1998-04-28,0.46270847024184597
319,1998-05-05,0.08972650018594948
320,1998-05-12,0.14030295030337206
321,1998-05-19,0.10378506535161315
322,1998-05-27,0.2327618236735574
323,1998-06-03,0.17034264218092696
324,1998-06-10,0.12855681932249408
325,1998-06-17,0.3011596005099899
326,1998-06-24,0.10421725048076531
327,1998-07-01,0.09413780300602151
328,1998-07-09,0.11551494649146633
329,1998-07-16,0.09934745101491431
330,1998-07-23,0.15980858862024486
331,1998-07-30,0.32229470463813115
332,1998-08-06,0.3641666025892141
333,1998-08-13,0.38929328232140537
334,1998-08-20,0.183836177823945
335,1998-08-27,0.4217211047649439
336,1998-09-03,0.3738491186953659
337,1998-09-11,0.3724230448799147
338,1998-09-18,0.20638346432877908
339,1998-09-25,0.28000864356769795
340,1998-10-02,0.32934832119793844
341,1998-10-09,0.17490673609622198
342,1998-10-16,0.16629326396165361
343,1998-10-23,0.056907296109234486
344,1998-10-30,0.11130098877265841
345,1998-11-06,0.16418521027446858
346,1998-11-13,0.10061084785737032
347,1998-11-20,0.11650221672672617
348,1998-11-30,0.23135945722034107
349,1998-12-07,0.27908787992192857
350,1998-12-14,0.16689531595409082
351,1998-12-21,0.0937355178575262
352,1998-12-29,0.07164976588161455
353,1999-01-06,0.15789246048131142
354,1999-01-13,0.2865390484414522
355,1999-01-21,0.04133009467853127
356,1999-01-28,0.11146388588115154
357,1999-02-04,0.10200415304307729
358,1999-02-11,0.21976233704610704
359,1999-02-19,0.23566861817762652
360,1999-02-26,0.04471901686157785
361,1999-03-05,0.21303472888620148
362,1999-03-12,0.05344931299579205
363,1999-03-19,0.2580964700996532
364,1999-03-26,0.27148776632958405
365,1999-04-05,0.16275501015002064
366,1999-04-12,0.038118057410247964
367,1999-04-19,0.016958666389374204
368,1999-04-26,0.022895693612596447
369,1999-05-03,0.19000877356441945
370,1999-05-10,0.0551493885135114
371,1999-05-17,0.22333973150023118
372,1999-05-24,0.09225243146489549
373,1999-06-01,0.1858920602704786
374,1999-06-08,0.18018681678501777
375,1999-06-15,0.09975499755493943
376,1999-06-22,0.07483652973228182
377,1999-06-29,0.038746055542532035
378,1999-07-07,0.03146186698427398
379,1999-07-14,0.07533882384778208
380,1999-07-21,0.09652527300412408
381,1999-07-28,0.14164988961544217
382,1999-08-04,0.06683270744734242
383,1999-08-11,0.2583984267388271
384,1999-08-18,0.18054198194871773
385,1999-08-25,0.1938180583827936
386,1999-09-01,0.4175452302583762
387,1999-09-09,0.029327734112682118
388,1999-09-16,0.12976093151195803
389,1999-09-23,0.23581258891621232
390,1999-09-30,0.157425463315963
391,1999-10-07,0.12969361993151782
392,1999-10-14,0.24338245637005448
393,1999-10-21,0.0969749749927947
394,1999-10-28,0.25954660720548717
395,1999-11-04,0.016808203859434358
396,1999-11-11,0.06542095356253307
397,1999-11-18,0.15280765428059273
398,1999-11-26,0.10093470197084552
399,1999-12-03,0.20317506308514693
400,1999-12-10,0.016671632712745046
401,1999-12-17,0.04658536372051486
402,1999-12-27,0.0860316332076934
403,2000-01-03,0.31611126541695006
404,2000-01-10,0.16733282662170873
405,2000-01-18,0.14571551347615827
406,2000-01-25,0.11794175326354209
407,2000-02-01,0.17023641239686285
408,2000-02-08,0.08957369221971635
409,2000-02-15,0.13878655903116693
410,2000-02-23,0.14538658361284137
411,2000-03-01,0.06263260265990545
412,2000-03-08,0.18499521754013581
413,2000-03-15,0.4937150436934424
414,2000-03-22,0.11972178754957258
415,2000-03-29,0.09462234739182278
416,2000-04-05,0.038923901006405304
417,2000-04-12,0.4384790536088278
418,2000-04-19,0.037927745635955586
419,2000-04-27,0.22422646780928307
420,2000-05-04,0.15351425027223228
421,2000-05-11,0.2243364387358269
422,2000-05-18,0.13253369881754834
423,2000-05-25,0.16953776918038813
424,2000-06-02,0.13436347324514186
425,2000-06-09,0.06406553350472653
426,2000-06-16,0.05379405761445031
427,2000-06-23,0.060030591571765095
428,2000-06-30,0.13460408549080397
429,2000-07-10,0.03177502120375082
430,2000-07-17,0.017990293128743562
431,2000-07-24,0.09634438816417801
432,2000-07-31,0.11475207435831268
433,2000-08-07,0.0641596876377732
434,2000-08-14,0.14380293458190882
435,2000-08-21,0.028041549098858757
436,2000-08-28,0.012567253786244325
437,2000-09-05,0.012379843023634887
438,2000-09-12,0.03551440433905703
439,2000-09-19,0.0698653512729894
440,2000-09-26,0.09358067510835899
441,2000-10-03,0.005235253332099476
442,2000-10-10,0.1080420147819706
443,2000-10-17,0.14371617374147144
444,2000-10-24,0.04752434835144157
445,2000-10-31,0.1820794205917202
446,2000-11-07,0.04226216747086353
447,2000-11-14,0.11445914684121163
448,2000-11-21,0.11665004770810466
449,2000-11-29,0.06362361456321713
450,2000-12-06,0.11514176569237278
451,2000-12-13,0.07200996626632197
452,2000-12-20,0.19471033709313404
453,2000-12-28,0.3286804195828806
454,2001-01-05,0.10256573378578226
455,2001-01-12,0.058442331227853424
456,2001-01-22,0.11390723594210418
457,2001-01-29,0.03596575614089247
458,2001-02-05,0.04272288015300609
459,2001-02-12,0.06833305546339377
460,2001-02-20,0.0683407821260468
461,2001-02-27,0.2284731917380484
462,2001-03-06,0.029656411162593658
463,2001-03-13,0.2701161930448503
464,2001-03-20,0.267284264434454
465,2001-03-27,0.22086465916159984
466,2001-04-03,0.37352171020924424
467,2001-04-10,0.3962624717821597
468,2001-04-18,0.21399936235938055
469,2001-04-25,0.12823119767470145
470,2001-05-02,0.2050786500142414
471,2001-05-09,0.04432347383967814
472,2001-05-16,0.2538477630027458
473,2001-05-23,0.1863509018027406
474,2001-05-31,0.16786664998273362
475,2001-06-07,0.22301759634135662
476,2001-06-14,0.19227661556302708
477,2001-06-21,0.1109872126767165
478,2001-06-28,0.042112315989765635
479,2001-07-06,0.2053954794470381
480,2001-07-13,0.15740042974366322
481,2001-07-20,0.20763204407361358
482,2001-07-27,0.10147023672517837
483,2001-08-03,0.1665038999796567
484,2001-08-10,0.25818289006550527
485,2001-08-17,0.15140023677218684
486,2001-08-24,0.24338015741112698
487,2001-08-31,0.15097832893467272
488,2001-09-10,0.28012928155631023
489,2001-09-21,0.3320631814780159
490,2001-09-28,0.27683342642018843
491,2001-10-05,0.18888218514459904
492,2001-10-12,0.27849917120365664
493,2001-10-19,0.26992931725946423
494,2001-10-26,0.33531357245782867
495,2001-11-02,0.13156079252523178
496,2001-11-09,0.18262835224623297
497,2001-11-16,0.06912129651717797
498,2001-11-26,0.31759445918042645
499,2001-12-03,0.24920307095034466
500,2001-12-10,0.10338067555349785
501,2001-12-17,0.15135050725303628
502,2001-12-24,0.08689561912545193
503,2002-01-02,0.13326585030932878
504,2002-01-09,0.026516165913310224
505,2002-01-16,0.24368471678492157
506,2002-01-24,0.07012720784482174
507,2002-01-31,0.46238151283199014
508,2002-02-07,0.21958019281167518
509,2002-02-14,0.2883371181216344
510,2002-02-22,0.1651349560900675
511,2002-03-01,0.2729912101733283
512,2002-03-08,0.1930575027969672
513,2002-03-15,0.20328219131544048
514,2002-03-22,0.24871490036575009
515,2002-04-01,0.2470275000896202
516,2002-04-08,0.13901630503715695
517,2002-04-15,0.3479755126923584
518,2002-04-22,0.11437456836909216
519,2002-04-29,0.25779147979887607
520,2002-05-06,0.34854854220238507
521,2002-05-13,0.3730089030132915
522,2002-05-20,0.17095741270982878
523,2002-05-28,0.2622364881648392
524,2002-06-04,0.47735558770594305
525,2002-06-11,0.22317228479065845
526,2002-06-18,0.4147102120146049
527,2002-06-25,0.2171411995901898
528,2002-07-02,0.5509223012931713
529,2002-07-10,0.1820041165884594
530,2002-07-17,0.3109814942268418
531,2002-07-24,0.514217028021717
532,2002-07-31,0.581713936621423
533,2002-08-07,0.5799167963558559
534,2002-08-14,0.45370239548811425
535,2002-08-21,0.47745542802974245
536,2002-08-28,0.3140298837191925
537,2002-09-05,0.575420187094889
538,2002-09-12,0.36084936177760224
539,2002-09-19,0.3017325295338068
540,2002-09-26,0.5410207280613011
541,2002-10-03,0.4826721819111777
542,2002-10-10,0.505798180287442
543,2002-10-17,0.4414123372719233
544,2002-10-24,0.2921678914214253
545,2002-10-31,0.1921414559781751
546,2002-11-07,0.3662505828899454
547,2002-11-14,0.3116632405445221
548,2002-11-21,0.21096277615696973
549,2002-11-29,0.4186433562403232
550,2002-12-06,0.37466736899789793
551,2002-12-13,0.4217562189798513
552,2002-12-20,0.3038671561133541
553,2002-12-30,0.6696243653518167
554,2003-01-07,0.4330869517389948
555,2003-01-14,0.15867195422454633
556,2003-01-22,0.442024272785222
557,2003-01-29,0.4842439469469469
558,2003-02-05,0.13041638505086414
559,2003-02-12,0.44887460632234444
560,2003-02-20,0.5559365358490695
561,2003-02-27,0.26512971021527737
562,2003-03-06,0.4407524827216659
563,2003-03-13,0.5729906188682755
564,2003-03-20,0.5892338197384598
565,2003-03-27,0.3777439964652214
566,2003-04-03,0.33635086823358845
567,2003-04-10,0.435576487652935
568,2003-04-17,0.3771911715890084
569,2003-04-25,0.3832000177363419
570,2003-05-02,0.258106857943757
571,2003-05-09,0.39270156929618066
572,2003-05-16,0.4371703260602002
573,2003-05-23,0.18508771544613098
574,2003-06-02,0.3059096965216165
575,2003-06-09,0.3691187320197831
576,2003-06-16,0.4321184948841279
577,2003-06-23,0.20735061232130603
578,2003-06-30,0.24603878799349704
579,2003-07-08,0.41380388691388625
580,2003-07-15,0.20964223320414635
581,2003-07-22,0.3749403649802701
582,2003-07-29,0.2519284146035861
583,2003-08-05,0.3830576669984978
584,2003-08-12,0.19707261617811955
585,2003-08-19,0.07887716730918458
586,2003-08-26,0.33168040215657596
587,2003-09-03,0.2781045106649596
588,2003-09-10,0.3642814704751257
589,2003-09-17,0.32315779578576864
590,2003-09-24,0.3290241550692467
591,2003-10-01,0.4137892906694339
592,2003-10-08,0.12093246042045819
593,2003-10-15,0.29348067319427623
594,2003-10-22,0.20910151680948955
595,2003-10-29,0.09535409336806855
596,2003-11-05,0.17505067135826277
597,2003-11-12,0.2833796917687727
598,2003-11-19,0.32064120151548264
599,2003-11-26,0.24368310961017514
600,2003-12-04,0.19190939698597878
601,2003-12-11,0.33885095874036
602,2003-12-18,0.1785226254872428
603,2003-12-26,0.3268947826154251
604,2004-01-05,0.15427953459384125
605,2004-01-12,0.1719067125725716
606,2004-01-20,0.11025564768057505
607,2004-01-27,0.233594325354578
608,2004-02-03,0.0852564383085339
609,2004-02-10,0.2743265417505295
610,2004-02-18,0.2484809973531543
611,2004-02-25,0.09951476999160801
612,2004-03-03,0.218677390033831
613,2004-03-10,0.498993229652925
614,2004-03-17,0.5077508247384859
615,2004-03-24,0.4632698612533256
616,2004-03-31,0.10871938414555812
617,2004-04-07,0.17145217652537095
618,2004-04-15,0.34859879473199157
619,2004-04-22,0.46786310569654244
620,2004-04-29,0.3595129487487183
621,2004-05-06,0.3169720908126211
622,2004-05-13,0.2748069155324986
623,2004-05-20,0.15037980946138227
624,2004-05-27,0.278260457914532
625,2004-06-04,0.47578874778945496
626,2004-06-14,0.46426455702942065
627,2004-06-21,0.1685574151936652
628,2004-06-28,0.08992912902220063
629,2004-07-06,0.17635945927111724
630,2004-07-13,0.023847912232914038
631,2004-07-20,0.31815748402563415
632,2004-07-27,0.2939225450672027
633,2004-08-03,0.39550846477121393
634,2004-08-10,0.4812745450017894
635,2004-08-17,0.4267939689539685
636,2004-08-24,0.24824003660353147
637,2004-08-31,0.3712593001052555
638,2004-09-08,0.17609301351104306
639,2004-09-15,0.16636380009504084
640,2004-09-22,0.36087277377295063
641,2004-09-29,0.2874462135604037
642,2004-10-06,0.3629305376523378
643,2004-10-13,0.25921642632688086
644,2004-10-20,0.1803955979009619
645,2004-10-27,0.17675867241088497
646,2004-11-03,0.29006854359352024
647,2004-11-10,0.18191957116846605
648,2004-11-17,0.26135156198338505
649,2004-11-24,0.1973476617526293
650,2004-12-02,0.25888111549241466
651,2004-12-09,0.40180306288843987
652,2004-12-16,0.1289002493192103
653,2004-12-23,0.3873451044839195
654,2004-12-31,0.3877042553810954
655,2005-01-07,0.20841413968788994
656,2005-01-14,0.38689831664269625
657,2005-01-24,0.19566639285658574
658,2005-01-31,0.19033399400668996
659,2005-02-07,0.31764366764758173
660,2005-02-14,0.08034039138387443
661,2005-02-22,0.5002929526269242
662,2005-03-01,0.24828112480353526
663,2005-03-08,0.3773636101499201
664,2005-03-15,0.35910735680505007
665,2005-03-22,0.09815346604443309
666,2005-03-30,0.381710360202397
667,2005-04-06,0.3221611536778713
668,2005-04-13,0.47767442388210635
669,2005-04-20,0.5272799243956037
670,2005-04-27,0.4766539555747328
671,2005-05-04,0.2777951261071036
672,2005-05-11,0.37895576839781453
673,2005-05-18,0.23736050406643583
674,2005-05-25,0.2432226088915537
675,2005-06-02,0.31257817181966147
676,2005-06-09,0.06095629915843523
677,2005-06-16,0.09924160639218611
678,2005-06-23,0.21155585028517485
679,2005-06-30,0.3351869796776775
680,2005-07-08,0.3623635310384543
681,2005-07-15,0.13934826702411623
682,2005-07-22,0.30789984238071116
683,2005-07-29,0.24495035000943982
684,2005-08-05,0.29012165827372977
685,2005-08-12,0.44480537268660725
686,2005-08-19,0.09021214402541022
687,2005-08-26,0.3050186067098073
688,2005-09-02,0.2835735333763327
689,2005-09-12,0.301400450460648
690,2005-09-19,0.28516345214265276
691,2005-09-26,0.012593429464159927
692,2005-10-03,0.4778192939603266
693,2005-10-10,0.15834490718011748
694,2005-10-17,0.3057307748790712
695,2005-10-24,0.41085504889142654
696,2005-10-31,0.4665272135326954
697,2005-11-07,0.08190986576155772
698,2005-11-14,0.16971404310956384
699,2005-11-21,0.10240508612695345
700,2005-11-29,0.4083459258731954
701,2005-12-06,0.08532654569157314
702,2005-12-13,0.12126343535665296
703,2005-12-20,0.214648650444612
704,2005-12-28,0.2726027963622433
705,2006-01-05,0.15044879197545022
706,2006-01-12,0.08746220556554729
707,2006-01-20,0.3604995282751876
708,2006-01-27,0.10314023481974784
709,2006-02-03,0.15325362104024876
710,2006-02-10,0.18145585901754951
711,2006-02-17,0.19661786228932446
712,2006-02-27,0.3123856671214881
713,2006-03-06,0.1491302093564683
714,2006-03-13,0.23533392728935407
715,2006-03-20,0.2071062215288962
716,2006-03-27,0.2596035317810216
717,2006-04-03,0.15074640466757377
718,2006-04-10,0.20173964378858322
719,2006-04-18,0.3339846183069948
720,2006-04-25,0.07122649164202041
721,2006-05-02,0.0787135443151955
722,2006-05-09,0.41639200496710016
723,2006-05-16,0.3208226027434041
724,2006-05-23,0.2504761991325488
725,2006-05-31,0.5728704144028723
726,2006-06-07,0.3261238229960259
727,2006-06-14,0.5611914563215855
728,2006-06-21,0.3682747753193711
729,2006-06-28,0.527457792098355
730,2006-07-06,0.30257564500098155
731,2006-07-13,0.29226531956002055
732,2006-07-20,0.49792147305514906
733,2006-07-27,0.2496984344193227
734,2006-08-03,0.13221806565956518
735,2006-08-10,0.18087901166650922
736,2006-08-17,0.26772111151329764
737,2006-08-24,0.20144647441436478
738,2006-08-31,0.03215840884712834
739,2006-09-08,0.3385321881720607
740,2006-09-15,0.06438295981162456
741,2006-09-22,0.30433320636386507
742,2006-09-29,0.08482599483938516
743,2006-10-06,0.24554943572101368
744,2006-10-13,0.17078245683060106
745,2006-10-20,0.0595087952587658
746,2006-10-27,0.16107969283429974
747,2006-11-03,0.2960079597677114
748,2006-11-10,0.14767791720925305
749,2006-11-17,0.06788751255720238
750,2006-11-27,0.539898942528744
751,2006-12-04,0.2564722325118089
752,2006-12-11,0.070543164108769
753,2006-12-18,0.21427503213784044
754,2006-12-26,0.3839523119792222
755,2007-01-04,0.1879329072531913
756,2007-01-11,0.05758865070574899
757,2007-01-19,0.15449958838001304
758,2007-01-26,0.3150163458064671
759,2007-02-02,0.1194655980723166
760,2007-02-09,0.251723926523643
761,2007-02-16,0.11267947409121035
762,2007-02-26,0.7236407277256056
763,2007-03-05,0.5813649099035582
764,2007-03-12,0.6216551995169566
765,2007-03-19,0.42186121874621857
766,2007-03-26,0.24238782029075046
767,2007-04-02,0.15638256634057288
768,2007-04-10,0.2644071685920637
769,2007-04-17,0.15964657153023606
770,2007-04-24,0.2075372002672909
771,2007-05-01,0.3263769981174585
772,2007-05-08,0.46477375972604906
773,2007-05-15,0.24001307829403964
774,2007-05-22,0.3219277196320277
775,2007-05-30,0.06016251108336722
776,2007-06-06,0.6673531597585521
777,2007-06-13,0.5602966474976072
778,2007-06-20,0.42851738554940366
779,2007-06-27,0.2283602369645396
780,2007-07-05,0.22727610324904476
781,2007-07-12,0.5625789661641972
782,2007-07-19,0.27947667957348343
783,2007-07-26,0.5911711912717228
784,2007-08-02,0.6415048858100644
785,2007-08-09,0.38414840895722013
786,2007-08-16,0.549360298265406
787,2007-08-23,0.417858279501923
788,2007-08-30,0.7744617344748258
789,2007-09-07,0.6071058564013958
790,2007-09-14,0.608972342174121
791,2007-09-21,0.2567675505107625
792,2007-09-28,0.29924950780285525
793,2007-10-05,0.30742761031835003
794,2007-10-12,0.17888348341237315
795,2007-10-19,0.5140816522740728
796,2007-10-26,0.11486192118067251
797,2007-11-02,0.5631944107556558
798,2007-11-09,0.5985203417919173
799,2007-11-16,0.2568546771623909
800,2007-11-26,0.7161608211533931
801,2007-12-03,0.275673678848929
802,2007-12-10,0.6159490357738808
803,2007-12-17,0.392706921068344
804,2007-12-24,0.5351815631923836
805,2008-01-02,0.4026311772815491
806,2008-01-09,0.4092530683105863
807,2008-01-16,0.460654310552046
808,2008-01-24,0.3206478425246028
809,2008-01-31,0.29635935564338023
810,2008-02-07,0.5130243824560968
811,2008-02-14,0.3386993640052751
812,2008-02-22,0.4651175100218241
813,2008-02-29,0.4071829896029912
814,2008-03-07,0.699105947026408
815,2008-03-14,0.6391436239605479
816,2008-03-24,0.4415989795700579
817,2008-03-31,0.5942679137621588
818,2008-04-07,0.11620022095242187
819,2008-04-14,0.5004210785477157
820,2008-04-21,0.29448352819509094
821,2008-04-28,0.10701975127107091
822,2008-05-05,0.42630802768924714
823,2008-05-12,0.2539793795508121
824,2008-05-19,0.3480921480383688
825,2008-05-27,0.36060840267301353
826,2008-06-03,0.3958432058477406
827,2008-06-10,0.5336629162014438
828,2008-06-17,0.3721690313048653
829,2008-06-24,0.466112081780707
830,2008-07-01,0.20508395774722551
831,2008-07-09,0.35150428215919716
832,2008-07-16,0.21949621190901875
833,2008-07-23,0.24260226743069155
834,2008-07-30,0.4349883652953861
835,2008-08-06,0.5087328731191163
836,2008-08-13,0.18190557794880377
837,2008-08-20,0.3823728985550572
838,2008-08-27,0.6112922893849699
839,2008-09-04,0.4841284101051908
840,2008-09-11,0.5915415493909089
841,2008-09-18,0.678892380402512
842,2008-09-25,0.7649638618766795
843,2008-10-02,0.5863293126013183
844,2008-10-09,0.7331034568795138
845,2008-10-16,0.6878080599227014
846,2008-10-23,0.2722025154665487
847,2008-10-30,0.5868297708058731
848,2008-11-06,0.7415415420879309
849,2008-11-13,0.8155859397888672
850,2008-11-20,0.7568451639480354
851,2008-11-28,0.7726487589325673
852,2008-12-05,0.5179158124535118
853,2008-12-12,0.62731427177098
854,2008-12-19,0.11175015984666173
855,2008-12-29,0.4258118446532253
856,2009-01-06,0.5242827153792171
857,2009-01-13,0.39404182516567066
858,2009-01-21,0.6240529304925029
859,2009-01-28,0.5579947627710007
860,2009-02-04,0.2765831294473135
861,2009-02-11,0.6037073261299092
862,2009-02-19,0.3998185459845713
863,2009-02-26,0.6465786422971597
864,2009-03-05,0.519328600020097
865,2009-03-12,0.5036460520030861
866,2009-03-19,0.6756455871089164
867,2009-03-26,0.6002248291635808
868,2009-04-02,0.3394373526206808
869,2009-04-09,0.5492724484877507
870,2009-04-17,0.5650044093658689
871,2009-04-24,0.1359365295475811
872,2009-05-01,0.2648428004868955
873,2009-05-08,0.3076095597079829
874,2009-05-15,0.5889275433113488
875,2009-05-22,0.5820751419608149
876,2009-06-01,0.42479951627156454
877,2009-06-08,0.10372712622363335
878,2009-06-15,0.41892903841336393
879,2009-06-22,0.43451915496877536
880,2009-06-29,0.44994342069353593
881,2009-07-07,0.5231566309978062
882,2009-07-14,0.48136587325154384
883,2009-07-21,0.329398795479161
884,2009-07-28,0.15867224898720564
885,2009-08-04,0.27060386572306433
886,2009-08-11,0.3432852426923407
887,2009-08-18,0.5836053675066493
888,2009-08-25,0.3871022352413408
889,2009-09-01,0.45680734709631543
890,2009-09-09,0.15602292312603028
891,2009-09-16,0.18954352619610534
892,2009-09-23,0.16864645449130924
893,2009-09-30,0.605352231134314
894,2009-10-07,0.1897877656165784
895,2009-10-14,0.28738344766445867
896,2009-10-21,0.4390219306785245
897,2009-10-28,0.6605146726686072
898,2009-11-04,0.3046164259963707
899,2009-11-11,0.614513987053883
900,2009-11-18,0.5403937332896395
901,2009-11-25,0.5796623901060565
902,2009-12-03,0.37149692952063174
903,2009-12-10,0.2936399564177925
904,2009-12-17,0.43931702299445446
905,2009-12-24,0.11241945274229827
906,2010-01-04,0.4091965224192991
907,2010-01-11,0.21199660774532839
908,2010-01-19,0.5096454045323797
909,2010-01-26,0.37055087752535937
910,2010-02-02,0.7138030304751173
911,2010-02-09,0.4274631321469973
912,2010-02-17,0.3961873433632679
913,2010-02-24,0.42682974855638217
914,2010-03-03,0.3225750461614544
915,2010-03-10,0.06247169439366511
916,2010-03-17,0.2535357104273432
917,2010-03-24,0.3010287436272986
918,2010-03-31,0.3182818862587272
919,2010-04-08,0.20819644681469876
920,2010-04-15,0.40435965609283486
921,2010-04-22,0.19930371062120164
922,2010-04-29,0.6286184121611023
923,2010-05-06,0.8503614466968225
924,2010-05-13,0.6150700537628
925,2010-05-20,0.7530710727972095
926,2010-05-27,0.7573994354180029
927,2010-06-04,0.8318526236894763
928,2010-06-11,0.7106294856714237
929,2010-06-18,0.4346906065949917
930,2010-06-25,0.6103433187166496
931,2010-07-02,0.7136391200413224
932,2010-07-12,0.32691449578032533
933,2010-07-19,0.6836974290058854
934,2010-07-26,0.5062374291484791
935,2010-08-02,0.5201402737471617
936,2010-08-09,0.640339868784814
937,2010-08-16,0.3936387202962126
938,2010-08-23,0.45909534191129425
939,2010-08-30,0.8278858438700575
940,2010-09-07,0.47823148311538305
941,2010-09-14,0.20577102617146117
942,2010-09-21,0.4722058646950866
943,2010-09-28,0.6014749025147254
944,2010-10-05,0.568873007960855
945,2010-10-12,0.20657910512468225
946,2010-10-19,0.4360040837859052
947,2010-10-26,0.06420863752646662
948,2010-11-02,0.323526210737947
949,2010-11-09,0.17589029409032433
950,2010-11-16,0.6052483433363052
951,2010-11-23,0.6399240396840793
952,2010-12-01,0.5757246072740001
953,2010-12-08,0.10737049116161516
954,2010-12-15,0.20969352979258685
955,2010-12-22,0.11196343553293621
956,2010-12-30,0.23684900005374268
957,2011-01-06,0.06582326515348584
958,2011-01-13,0.11783257710516619
959,2011-01-21,0.2215026779559949
960,2011-01-28,0.5183438939723738
961,2011-02-04,0.11126933473961596
962,2011-02-11,0.09832353258781892
963,2011-02-18,0.4662754945583115
964,2011-02-28,0.4924615817764342
965,2011-03-07,0.5837816365429823
966,2011-03-14,0.5333043019664279
967,2011-03-21,0.3552626476670185
968,2011-03-28,0.2712518351167141
969,2011-04-04,0.089684061439841
970,2011-04-11,0.08654459566215049
971,2011-04-18,0.47611557916595393
972,2011-04-26,0.17181969837010763
973,2011-05-03,0.06837293421934645
974,2011-05-10,0.3963550702611235
975,2011-05-17,0.2810309343172459
976,2011-05-24,0.35665639971355806
977,2011-06-01,0.6914220048262572
978,2011-06-08,0.4647154886608756
979,2011-06-15,0.6116449181648732
980,2011-06-22,0.49343948149060185
981,2011-06-29,0.14327521648919328
982,2011-07-07,0.6334819981574619
983,2011-07-14,0.3536202371256178
984,2011-07-21,0.4493921202918769
985,2011-07-28,0.24472181024685274
986,2011-08-04,0.8520683694063147
987,2011-08-11,0.8515445951303012
988,2011-08-18,0.7251778857326767
989,2011-08-25,0.75358424314998
990,2011-09-01,0.6356882392649066
991,2011-09-09,0.7967334060150582
992,2011-09-16,0.5328975547215199
993,2011-09-23,0.7499848083089093
994,2011-09-30,0.7418976180899862
995,2011-10-07,0.5987738159644884
996,2011-10-14,0.6213076118814844
997,2011-10-21,0.6357380723256597
998,2011-10-28,0.7001274051542382
999,2011-11-04,0.43637498230301164
1000,2011-11-11,0.8498196125465349
1001,2011-11-18,0.42076447051032057
1002,2011-11-28,0.8250069268573028
1003,2011-12-05,0.23356527334309451
1004,2011-12-12,0.7075498387535435
1005,2011-12-19,0.6543956336508592
1006,2011-12-27,0.6204981589451813
1007,2012-01-04,0.22805889208683358
1008,2012-01-11,0.2260195477680138
1009,2012-01-19,0.1511020241956879
1010,2012-01-26,0.1906629098099433
1011,2012-02-02,0.3433908923300315
1012,2012-02-09,0.2824357933567752
1013,2012-02-16,0.2925346749295545
1014,2012-02-24,0.08666425316761907
1015,2012-03-02,0.39493149403973005
1016,2012-03-09,0.2668588635366533
1017,2012-03-16,0.18699137905388297
1018,2012-03-23,0.4860311454409422
1019,2012-03-30,0.2983775701937345
1020,2012-04-09,0.6073264970959844
1021,2012-04-16,0.5711056599870535
1022,2012-04-23,0.39111637804856386
1023,2012-04-30,0.21106195878170847
1024,2012-05-07,0.27626284722172906
1025,2012-05-14,0.2833836485679939
1026,2012-05-21,0.5462585204638895
1027,2012-05-29,0.5615914094844832
1028,2012-06-05,0.7197235617623476
1029,2012-06-12,0.6589772361235875
1030,2012-06-19,0.6547687630740371
1031,2012-06-26,0.5133093207740119
1032,2012-07-03,0.553159355230971
1033,2012-07-11,0.4804078044992289
1034,2012-07-18,0.32467016316791975
1035,2012-07-25,0.5848961869254095
1036,2012-08-01,0.502141780331104
1037,2012-08-08,0.08492244271609962
1038,2012-08-15,0.20089924717793403
1039,2012-08-22,0.3425671746849364
1040,2012-08-29,0.2826889536555748
1041,2012-09-06,0.5123970349126385
1042,2012-09-13,0.33527555494433986
1043,2012-09-20,0.02373630833922738
1044,2012-09-27,0.3612448699981857
1045,2012-10-04,0.20253465425140324
1046,2012-10-11,0.38463292269706745
1047,2012-10-18,0.4659980119572701
1048,2012-10-25,0.2809679666040744
1049,2012-11-05,0.617639142410173
1050,2012-11-12,0.38513544740881517
1051,2012-11-19,0.3558857019539357
1052,2012-11-27,0.3915995254635567
1053,2012-12-04,0.1664974171291725
1054,2012-12-11,0.19025801465498904
1055,2012-12-18,0.4658313762916283
1056,2012-12-26,0.3056979849535786
